,duration10mean,duration20mean,loudness33skew,timbre10dstd,loudness10mean,pitches20dskew,pitches100mean,pitches20dstd,pitches10std,pitches20mean,timbre100mean,timbre10kurt,timbre100dstd,loudness10dskew,pitches33mean,loudness20mean,duration33mean,pitches10mean,loudness20dkurt,loudness33mean
Adele - Rolling in the Deep,-0.11968821866146198,-0.11968821866146098,1.1351854118809064,-0.20818548406913026,-0.3944416449575952,-0.2974445482911864,-0.36094145891920676,-1.01241142890029,0.37711067032403994,-0.36094145891920676,-1.0195227592363758,-0.1600964961251973,0.1263221699889607,1.3824899891524842,-0.34388364252930687,-0.3944416449575952,-0.12381678525379791,-0.36094145891920676,0.09812952949118842,-0.3971451739362346
Adele - Rumour Has It,0.21502436185671378,0.21502436185671484,0.14706973328627784,-0.01449149502019302,0.48779847805640847,-0.622619494393907,-0.08331434550039193,-0.7901067527182934,0.9803277253527569,-0.08331434550039112,-0.7092555651575593,0.28199923039526514,1.117538018036376,1.2594729203739936,-0.0720398382699829,0.48779847805640847,0.2298439121450558,-0.08331434550039112,0.5378397670719078,0.48181349666196105
Adele - Turning Tables,1.4185815497708774,1.4185815497708796,2.02081456502797,-0.17905469726808904,0.16380833523436691,-1.746018844272256,-1.0379139768616386,-1.4887010746655698,-1.4415092552855515,-1.0379139768616386,0.43947708222803417,-0.28886705115908645,-0.8000270896818071,0.4833243350402337,-1.06072818894969,0.16380833523436691,1.3886891692351964,-1.0379139768616386,-0.42782231466454357,0.15747618434373095
Adele - Don't You Remember,1.6216663413694548,1.621666341369455,-0.9537999446230576,0.4475518242874248,-0.029208172861938875,0.09573417046229586,-1.6542060024778091,-0.215749486098034,-0.8817462904758688,-1.6542060024778087,0.04040209248923093,0.2523777675777581,0.6357526157947959,0.086161848779135,-1.6442619595983199,-0.029208172861938875,1.6656467512486612,-1.6542060024778082,1.169140132811998,-0.0200809927720527
Adele - Set Fire to the Rain,0.4457325445162941,0.4457325445162942,0.7848648993551635,-0.5334308489569827,0.350818941002641,-0.356258440092794,-1.6224673327859405,-0.5496694408448076,-1.0372519745143756,-1.62246733278594,-0.5901006713329476,-0.27760807331254184,-0.18694948458559293,-0.6157442489182251,-1.6149974026132692,0.3508189410026412,0.4420847312778637,-1.62246733278594,-1.8470896708723188,0.33192006968029697
Adele - He Won't Go,-1.181082243834652,-1.181082243834651,-0.2564225890113875,1.378794489769271,-2.145613048599299,-0.1300808451775975,-0.49653309710205284,0.3870587692184894,0.16474123683224368,-0.496533097102052,-1.0048149196385923,-0.7238505112294367,0.7925013866878695,-0.5991849376346887,-0.4773938360658645,-2.145613048599299,-1.173634488197135,-0.49653309710205284,-1.0359911222802696,-2.151414165213895
Adele - Take It All,1.4258161178847462,1.4258161178847484,-0.6420982405407412,0.01891784500282352,-1.4293937550561788,-1.2123110495662823,-1.6506822216036345,-0.7912349313323702,-0.5598923501971109,-1.6506822216036336,-1.2288418693035488,-0.27904812714073973,2.227462671235872,-0.45500120184690146,-1.6506682552926608,-1.4293937550561793,1.4587560322082738,-1.6506822216036336,0.5392178041282712,-1.4209453272220802
Adele - I'll Be Waiting,-0.27139107262303047,-0.27139107262302953,-0.7670277089036945,-0.421135094815069,0.5762490396146908,-0.8597738072854744,-0.3990623611034619,0.95469300051456,1.0883465416453344,-0.3990623611034602,-1.0703622187353807,0.21771702031491852,-0.40774421039012965,0.6318183056302197,-0.3869828069476603,0.5762490396146908,-0.2800907137078537,-0.3990623611034619,-1.9153672785921696,0.5787237246192085
Adele - One And Only,0.6658201127675447,0.6658201127675458,-0.01768033214036947,1.5138000271617345,-0.15230817092809557,0.37613288102557,-1.5727770940952168,-0.6322471097414554,-0.9775797000553293,-1.5727770940952168,0.3239210692715832,-0.6591890881726812,0.132837080632856,-0.5120935269696812,-1.5598459270345486,-0.15230817092809557,0.6377743662770172,-1.5727770940952164,1.3318342768967584,-0.15465682510856502
Adele - Lovesong,0.8123541226267013,0.8123541226267014,1.7777515009282046,-0.25893447240256223,-2.1919481774196328,-1.1875221310756952,-1.954565198808696,-1.5402644427516679,-2.096907431478356,-1.9545651988086952,-3.3015661583117,-0.3459846471618832,-0.0762083923032249,1.4046803027803467,-1.9632057471823858,-2.191948177419632,0.8207877867567801,-1.954565198808696,0.7367637025559169,-2.192852551637359
Adele - Someone Like You,0.5732796670392508,0.5732796670392508,-1.0763528639056026,-0.5169473551809145,-1.0745934074077772,-0.901965606579911,-1.69263492746575,-0.9210974545377104,-1.5854580984493736,-1.69263492746575,-1.3707098484610287,0.11425891556763883,1.0890007256845744,-1.0357308012148558,-1.6855289733025325,-1.0745934074077772,0.6108238792202306,-1.69263492746575,-0.7978597079845462,-1.062431487322718
Beastie Boys - So What'Cha Want - Edited / 2005 Remaster,-0.7366287553189569,-0.7366287553189556,1.9395597191224039,1.4796917170982062,0.9107735993543492,-0.19883235713436634,2.0609802419078718,-0.06552093078633851,-0.20458875091267673,2.0609802419078735,0.7302683723980692,-0.13685089468566128,-0.36819362583149,0.09117590557065723,2.0701805729208833,0.9107735993543492,-0.7267378386732478,2.0609802419078735,1.2894756193179133,0.9141230528915737
Beastie Boys - Brass Monkey,-1.1142971507724524,-1.1142971507724515,0.6356230520438663,2.7133508595470954,0.3044961649225953,-0.3988013488454456,0.7591403434946343,0.9450421313497893,0.6376920732832977,0.7591403434946368,0.2480566605707597,-0.2920396854104458,0.23138334812998396,-0.5717321677770452,0.7353403733716055,0.3044961649225953,-1.118313425787428,0.7591403434946351,-1.72638117724431,0.3099702427476832
Beastie Boys - Ch-Check It Out - Edited / 2005 Remaster,-1.2678626022403985,-1.267862602240398,-1.051390154038197,2.068511189310521,0.6198270368027405,-0.12106959689529724,1.5150036619172822,-0.6352469810973642,0.249263528551365,1.5150036619172829,1.5967705853540006,0.5685665168380191,-0.05565017897782202,0.9648704869678655,1.5300326297275133,0.6198270368027405,-1.2717343344734076,1.5150036619172813,-0.1725828057632104,0.6196892689658933
Beastie Boys - No Sleep Till Brooklyn,0.055152920583823206,0.05515292058382422,-0.021297748434284985,1.9503424621560679,-0.1454696939046524,0.7548582454310949,-0.08033268476070407,-0.8340212358835135,-1.3618185240614906,-0.08033268476070407,1.8101212046702537,0.7184210668801153,1.0587318012647693,-1.1448884298345343,-0.07938090473684635,-0.1454696939046524,0.018993825477973618,-0.08033268476070489,-1.284266963931207,-0.14728048871080227
Beastie Boys - Hey Ladies,-1.2734902946087456,-1.2734902946087447,-0.5542695479634888,1.327079781360812,1.0952049529504866,-2.019636703562636,1.945828996977671,1.000972989430671,1.152280579756603,1.94582899697767,2.9948537195501865,0.0845014948727015,-0.7284177835092542,-1.3512923675170225,1.9163422309845737,1.0952049529504864,-1.2914651219884636,1.94582899697767,0.9767808209348126,1.0957242740850783
Beastie Boys - Pass The Mic,-1.1331534567839578,-1.133153456783957,1.8292840538267194,0.38418780548786213,1.087731545076239,-1.7785831296156938,1.633752613194544,1.1629476772558278,1.3584546020178287,1.6337526131945448,0.2144151802265279,1.0815182114819049,-0.6513809206944872,-0.6078898801273275,1.6484244639698364,1.0877315450762393,-1.1246983189018418,1.6337526131945448,-0.24124982489465086,1.0885569836581022
Beastie Boys - An Open Letter To NYC - Remastered 2005,-0.8265884062550648,-0.8265884062550639,-1.0668475852766506,1.5944226327406552,0.221475867994923,0.2846628192763433,0.44408229897182444,1.9638158988667591,1.6405952834147786,0.4440822989718228,0.6400111095931945,-0.519526973226018,0.6840146813235892,1.736544890467748,0.43982817315205797,0.22147586799492322,-0.810730373697589,0.44408229897182194,0.8286423392533162,0.22659325275637168
Beastie Boys - Root Down - Edited / 2005 Remaster,-1.5543725376519277,-1.5543725376519275,-0.4516739914875658,0.8868542729928471,0.7164279364030531,-0.15528078934223447,1.1652992124357995,-0.41611785439856863,-0.1855765731025999,1.1652992124358001,-0.4057418736138551,-0.46190722591114936,0.20974862660781238,-2.473008654355086,1.178708382583329,0.7164279364030531,-1.5499395392793454,1.1652992124358001,0.640270843882865,0.7182146259117198
Beastie Boys - Shake Your Rump - Remastered 2005,-1.7894025994329283,-1.7894025994329277,-0.32952550085385907,2.5253700248607927,0.8257373352116731,-1.1678923720769625,1.2894200814093548,-0.2219237006227516,0.08433773185526085,1.2894200814093566,1.6586827764374663,-0.26184937068839853,0.33405124760865623,-0.766200747400059,1.3204944133592715,0.8257373352116734,-1.8129420934111362,1.2894200814093566,0.9757715850575891,0.8236534317485671
Beastie Boys - Intergalactic,-0.589871669030118,-0.5898716690301176,-1.0066307837641426,0.9778331401045882,0.5644645253799272,0.8678201793451197,2.1146378143100812,0.7295524399413931,0.3617209594350803,2.1146378143100804,0.01255009128040733,-0.4023009278853921,-0.5496151804924843,0.9840344910473994,2.120521094923698,0.5644645253799272,-0.571748227799675,2.1146378143100812,0.6214331967623523,0.5634708346793004
Beastie Boys - Sure Shot - Edited / 2005 Remaster,-1.4039247153110153,-1.4039247153110144,-0.389981088163588,0.06394269272759125,1.1522054377354898,-0.8519331912915249,0.9998663250317952,0.27777958239648437,0.7791765975086604,0.9998663250317952,-0.12223891304304887,0.27918601920439795,-1.7793029360734343,0.4825019543365159,0.9879403633273031,1.15220543773549,-1.3990707530997295,0.9998663250317952,0.29501710554399857,1.1551057730010765
Beastie Boys - Body Movin' - Fatboy Slim Remix / Remastered 2005,-1.3315500161001703,-1.3315500161001697,1.7711607876292081,-0.037965214637419614,0.6546024712615522,1.0791425176895546,0.9263967258964654,-1.2109844445718152,0.11288162876509802,0.9263967258964645,0.38978125650106826,0.41986041988548695,-1.060679310576921,1.5165137130830522,0.9286135782979885,0.6546024712615522,-1.3232336347114697,0.9263967258964645,-0.7702101341549409,0.6475620650708
Beastie Boys - Triple Trouble - Remastered 2005,-1.727789977732161,-1.7277899777321604,0.5028347011926659,1.011329498541512,1.035756155040399,1.272879633740308,0.4422957667104411,-0.2025429333782288,-0.23788215523950482,0.4422957667104411,1.3935170434022146,-0.46047604024407957,0.5600075075018034,-1.2883810186752884,0.4247721319093242,1.035756155040399,-1.7411102111345902,0.44229576671044024,0.12921583136348808,1.0316840363915458
Beastie Boys - Sabotage - Edited / 2005 Remaster,-0.9681766484414902,-0.9681766484414893,0.14703358677543066,-1.1978225787908263,1.2818672114426388,-0.6339498017571698,0.5116008975399277,-1.1480781551798587,-0.6971580365465245,0.5116008975399277,0.16530718759712656,-0.1745905457524468,-1.5301986687148061,-1.0016076548465396,0.5182118183304947,1.2818672114426388,-0.9587498095879278,0.5116008975399293,-1.2411534050323305,1.2888603533094978
Beastie Boys - (You Gotta ) Fight For Your Right (To Party),1.1330110744453303,1.1330110744453326,0.3714881862503824,0.8304643067695163,1.0295130800988377,0.04386837202746549,0.24592506890415208,-2.067765336882073,-1.4519849480255664,0.24592506890415372,0.5192944444736898,1.307360013526809,0.48760684314597796,-0.8946318830986618,0.21276612070162726,1.0295130800988375,1.1680250615138037,0.2459250689041529,0.35326202960211106,1.0384531440170233
Lana Del Rey - Born To Die,0.35306514472232414,0.3530651447223252,-0.5118917097187362,-0.9865235274678439,-0.35559721784791243,0.8194503720916142,0.15118957540229888,-0.43993257198396785,0.23392648964793297,0.15118957540229888,-1.3319740688301474,-0.46320234739027494,-1.3350653061775986,-0.9290436601956761,0.15382570759162226,-0.35559721784791243,0.37175366583108566,0.15118957540229888,-0.019316290434129125,-0.3517374027103306
Lana Del Rey - Off To The Races,-0.1384719794925827,-0.1384719794925807,-0.35958690266567356,-1.0067107895554208,0.6994972705643037,1.0765670203651478,0.8488735466646187,1.8790826070905882,1.7932327944523443,0.8488735466646187,0.10284701327577628,-0.5666949437818297,-0.6898841855294854,-1.4807900993412288,0.8533084448637192,0.6994972705643039,-0.14704642080597558,0.8488735466646187,0.4194084423495249,0.693651724344271
Lana Del Rey - Blue Jeans,0.2972071694555774,0.2972071694555784,-0.6487712307917268,-1.02682499007949,1.1372487397947648,-0.13877212071727613,0.7385274574719284,0.4741942366018182,-0.4812808786459949,0.7385274574719275,0.44813250988420106,0.07833687783050398,-1.2539148022299038,-0.013426088063696797,0.7188884077752418,1.1372487397947648,0.30415452735193743,0.7385274574719275,1.1789795656334274,1.1275813868474809
Lana Del Rey - Video Games,0.9783266135699495,0.9783266135699507,1.2257027374479537,-0.15540582468435618,-0.9574919000254786,-1.1667473826449697,-1.4200840298516892,-0.8469792422094987,-0.8240487702202421,-1.4200840298516901,-2.177861701504071,-0.2123159852714593,0.4123170869814863,0.2179609434365635,-1.421562170752985,-0.9574919000254795,0.9427190631086579,-1.4200840298516901,0.440167533598484,-0.9663201136109769
Lana Del Rey - Diet Mountain Dew,0.3123346531953063,0.31233465319530734,0.03108248624525823,-0.8013903346968855,0.5868402791376326,0.37101030725648704,-0.09902350848840856,-0.12171984277712251,-0.46320669983653107,-0.09902350848840938,-1.3774551522211833,1.3349351815469432,-1.4762419651785867,-1.1118058822596235,-0.10418348923439573,0.5868402791376326,0.33981819182261574,-0.09902350848840774,0.8069409222781351,0.5926352362465683
Lana Del Rey - National Anthem,-0.7146330566263007,-0.7146330566262993,-0.9093910058937525,-0.3985235681264917,-0.04818692304044029,0.7127796634684984,0.6049318070569706,1.9686081897647592,1.7877193676899852,0.6049318070569715,-0.6754409571932859,0.3157823117459714,-0.8017718074866481,0.7102038095397312,0.586861383864417,-0.04818692304044029,-0.696031640063243,0.6049318070569715,0.9253600209902142,-0.048444051451304496
Lana Del Rey - Dark Paradise,-0.0961436803675911,-0.0961436803675901,-1.056693713092481,0.4239434837584009,-0.22702001473805092,-0.28552433978239017,0.5847871156958665,-0.5514178741268169,0.2700720524159296,0.5847871156958665,-0.4058137558966259,-0.4183113918260262,0.14413515677282177,-0.7167269503684712,0.6011197540479318,-0.22702001473805092,-0.10881962539252896,0.5847871156958665,-0.3453849216074475,-0.22815888162270975
Lana Del Rey - Radio,-0.02063321573461541,-0.020633215734614407,-0.7487130090780347,-0.5435994519407781,0.9747262063734461,0.7687496393894406,0.6421163199180189,0.9110839365249699,1.110038659596954,0.6421163199180189,-0.12028074051239945,-0.3464414217006013,-0.9334707504811415,-0.1458801660441398,0.6450165895255041,0.9747262063734459,-0.0033991689074899007,0.6421163199180189,-1.4500409491977027,0.9715161264425878
Lana Del Rey - Carmen,0.3246818428967913,0.32468184289679236,-0.415956581141212,-1.4314666602656236,-0.3734098693432258,-0.20407805805078633,-0.2768019498641718,1.2122554330455828,0.5923321994217239,-0.2768019498641718,-0.8126430707229642,-0.39884996509339904,-0.7147711761641193,-0.29410507073256,-0.2526998695724868,-0.3734098693432258,0.30028873143467794,-0.2768019498641718,-0.2406371696640789,-0.3721716463547405
Lana Del Rey - Million Dollar Man,1.0322022917826845,1.0322022917826845,1.5479231194772554,-1.1373655764983894,0.5168175355410066,1.1734416307863333,-0.09853067200251003,0.4686570362078461,-0.032544983963645774,-0.0985306720025084,0.16127739437071228,-0.3808118493032321,-0.23471730405264732,1.3348876258839177,-0.08816774999853935,0.5168175355410068,0.9741738353941468,-0.09853067200251003,-0.012731076211194145,0.5224331196998437
Lana Del Rey - Summertime Sadness,1.0233735433298603,1.0233735433298603,1.1210748306374152,-1.0364414885697724,-0.24490925322315055,0.8109775189534691,-0.5641749047916323,-1.0721442852698715,-0.8426252863814601,-0.5641749047916332,0.013378739558713111,-0.21795041970421097,-0.886971930572455,1.4275336706475215,-0.5612739333867236,-0.2449092532231501,1.0477432158831483,-0.5641749047916316,-1.8393143638630645,-0.24259051953452673
Lana Del Rey - This Is What Makes Us Girls,-0.565050335561477,-0.5650503355614751,-0.4151165120900041,-0.8012228201716644,0.27859246853863395,1.2442586898282548,0.3479668633094536,0.9133296839619672,0.8428937073910239,0.3479668633094536,0.09353568362297508,-0.3134633694780205,-0.23966621471753471,-0.2432737528959288,0.35041423285787804,0.27859246853863395,-0.550966134608022,0.3479668633094536,0.658871779342588,0.2800343620025114
Lana Del Rey - Without You,0.2668542659825983,0.26685426598259837,-1.0454460794826492,-0.5856445399534272,-0.7085174784244783,0.5491200944960363,-0.35151596112639627,0.8780159688672946,0.7975044600621919,-0.3515159611263971,-0.4522834590122397,0.8272919542323435,-0.9423376507952266,0.7314898957319189,-0.3490934316348211,-0.7085174784244783,0.2692541144719487,-0.3515159611263971,0.801919980594357,-0.7211490081582099
Lana Del Rey - Lolita,1.541554698670577,1.5415546986705781,-0.8780319325057392,-1.3115726848361564,1.20828193754695,-0.24629756645676995,1.1313181367330931,0.197285406092289,0.010528202748564808,1.1313181367330924,0.852251843583166,-0.06713068552353813,-1.421188241928075,-0.8241021924735986,1.1199923144587292,1.20828193754695,1.5269147662046325,1.1313181367330931,1.1750032474290033,1.208327881706392
Lana Del Rey - Lucky Ones,1.97103486195486,1.9710348619548603,-0.870943682371388,-0.5847547119671657,0.5010010868762358,-2.0036842496552665,-0.7718561999492923,-0.5106427335383321,-0.9064904583173444,-0.7718561999492923,0.48173337769201346,-0.5522987561836171,0.47897081386883644,-0.7527736610929133,-0.7535500494890831,0.5010010868762358,1.95512826441126,-0.7718561999492931,-0.37828421641997034,0.504375529651879
Lana Del Rey - Ride,1.3561854401219553,1.3561854401219555,0.854568855879753,0.042671938398591985,-0.2634037759823622,1.8390979853162144,-0.12699197906315216,0.8509451231985471,0.16800660008792012,-0.1269919790631538,-0.7103177831875739,-0.40941307132311133,0.42931963834546805,-0.14908611938799238,-0.10986689553132152,-0.26340377598236175,1.3849114408091694,-0.12699197906315216,-2.2072484968118404,-0.259667584433801
Lana Del Rey - American,0.8058667698707948,0.8058667698707959,-1.0297778999979135,-0.6151596895636906,-0.08161096771174443,1.1829520930747273,-0.13336189064339196,0.8946351800039649,1.5322439421987002,-0.13336189064339196,-1.2046385136201885,0.01656173736581972,0.9506240779083874,0.4049221406115978,-0.14618585594632588,-0.08161096771174443,0.8274790813511087,-0.13336189064339113,0.5441256167691086,-0.07476144598785762
Lana Del Rey - Cola,0.5735571523542213,0.5735571523542224,1.5670906137829652,-0.6461192038949485,0.2872789155091642,0.6434943949212256,-0.031147603468028112,-0.528732862940727,-0.07906829421675239,-0.03114760346802647,0.14739591502101385,-0.32024421833164873,-0.11011921720437441,-0.036783791033474705,-0.017361979882671418,0.2872789155091642,0.604198635244328,-0.03114760346802647,-1.9389425583476998,0.2849419650309822
Lana Del Rey - Body Electric,1.105445719528637,1.105445719528638,1.0039181452067187,-1.158271617850505,-0.6727340603581641,-0.7675369004123098,0.8040993519207327,0.24641814037252904,-0.179687010697442,0.8040993519207327,0.6698454983191712,-0.027555755488154598,-0.7796768356852859,0.6289744292299382,0.8028557503682012,-0.6727340603581645,1.034865180029682,0.8040993519207335,0.473774967417545,-0.6816293651094667
Lana Del Rey - Blue Velvet,1.8417158234010054,1.8417158234010056,-0.5123610336488275,-0.7819951961616858,-0.029136526968268482,0.5957277381899805,-0.8398676350032958,-1.0498538664276826,-1.117058763988558,-0.8398676350032965,-1.300147187120209,-0.4013313981283574,-0.8809118741850239,1.5194042159696886,-0.841929510128342,-0.029136526968268482,1.842284452311014,-0.8398676350032965,-1.8081528591900442,-0.03531148492937688
Lana Del Rey - Gods & Monsters,0.8062802773989877,0.8062802773989888,-0.9826139312842377,-0.2237359023125828,0.26744535570273176,0.7367489832293157,0.8783698103456488,2.1427627883345104,1.2836462660592507,0.878369810345648,0.8691150076489594,-0.37447471843478064,-0.2675589553120707,0.675507578134648,0.8688630305184651,0.26744535570273176,0.7557646223962065,0.8783698103456496,-1.018466159786378,0.2588137073251417
Lana Del Rey - Yayo,1.5888541562814325,1.5888541562814347,2.028392315557072,-0.024431537912010068,-1.080930363175528,-0.22834357968490215,-1.141964079946976,0.19425825130126864,-0.6960900495616498,-1.141964079946976,-0.2902182744188654,-0.5085832682186189,1.0954880949948629,-0.1321025297029933,-1.1392613974517294,-1.080930363175528,1.5875455644399452,-1.1419640799469768,-1.9088201252266739,-1.0814397388092603
Lana Del Rey - Bel Air,0.425657479474324,0.42565747947432503,-0.938769485604165,-1.6176291747948721,-0.8652366944584889,1.0612045180236191,-1.164388140055361,-0.9368761598865137,-1.290719613334397,-1.164388140055361,0.19835530543742638,-0.37905441156496295,-0.2492393734965463,-1.0896520247541812,-1.18848019452752,-0.8652366944584885,0.44714677728437574,-1.164388140055361,0.44540699028932706,-0.8697782047451149
David Garret - Smooth Criminal,-1.6282307858016405,-1.6282307858016398,-0.3998301604609191,-0.5407978508455943,0.9713539082748187,1.141192529042054,-0.35208272308517924,-0.6097173873700951,0.04960584739647908,-0.35208272308517924,-0.7126742636458305,0.05392717219409591,-1.6516069340887554,-0.589715152728237,-0.3509380459592622,0.9713539082748187,-1.6308717289833299,-0.35208272308518007,0.6803724821304603,0.9821575618126397
David Garret - Clair de Lune,0.9371771736262108,0.9371771736262119,0.9968032306333,-0.8922143113736934,-1.8961469879348358,0.5326136670136321,-0.7853229569264705,-0.6157727288701357,-0.7047174596756335,-0.7853229569264705,-0.3366157139133388,-0.5320855720411386,1.509973081362589,1.087634332820545,-0.7678458105035004,-1.896146987934835,0.9466967781293619,-0.7853229569264712,0.46767952754346837,-1.8729176479181997
David Garret - He's A Pirate,-1.3283108737959914,-1.3283108737959906,-0.9741189280882215,-0.7405072488887969,0.7752566267506825,-1.1112334560605928,-0.08704758188107349,-0.5053325605523298,-1.0249937872567434,-0.08704758188107267,0.9625976303884461,0.08206780247815508,0.36042033620277186,1.437427677795045,-0.1221061608461913,0.7752566267506825,-1.3176266711029507,-0.08704758188107267,0.593981995896519,0.7725939533838909
David Garret - Summertime,0.4886321369368149,0.488632136936816,-1.0602902048218947,-0.42595796136561725,-1.8159801740136932,-3.2283008283202803,-0.9463449577816831,0.6034844271647601,0.4592719704227444,-0.9463449577816823,-1.0985423616117063,-0.3035868397155268,0.8604250396204142,-0.3916398562452785,-0.9751904314588948,-1.8159801740136936,0.4637493341212513,-0.9463449577816831,0.23577863338730318,-1.8132972393213014
David Garret - Hungarian Dance No. 5,-0.7830068891389264,-0.7830068891389255,0.3751998563005863,-0.9301748685951611,0.7939463228064451,-1.773103768816061,-0.7078983449918049,-0.6415176986532746,-0.7332942625453094,-0.7078983449918042,1.0250067053681986,-0.29021343775512165,1.2555944370365506,-1.4302685633097827,-0.7033092363686699,0.7939463228064451,-0.7765601870990758,-0.7078983449918042,0.8123095704458002,0.7904922703112561
David Garret - Chelsea Girl,0.7382474072341706,0.7382474072341717,0.22497737536711998,-0.9205385737739701,-1.5197688735513342,-0.6090512276794774,-1.8286454766616096,-1.44577469411113,-1.9283561697190712,-1.8286454766616105,-0.8322633112048423,0.8145573735519237,0.766082636970129,-0.293617851009894,-1.8502854378618834,-1.5197688735513342,0.7823958647972702,-1.8286454766616096,-1.5013259725871286,-1.4994694643201276
David Garret - Summer,-1.022694351500629,-1.0226943515006282,1.9816636550366225,0.4247374075764479,1.5136070897938052,0.4524508907665444,0.39998575439604767,2.2330971174691485,1.2717479513719963,0.39998575439604933,0.7142355726332473,-0.1234065095212744,-0.31129185389977165,-0.8198492804149982,0.4334094138474171,1.5136070897938052,-1.0236720632814627,0.3999857543960485,-0.8111081850043189,1.5195475593577505
David Garret - Air,-0.49050653545712675,-0.4905065354571258,-0.8294109677189334,0.20179789005381596,-0.03454455666635999,-0.5055889395364633,-0.7293613739526874,0.6956244128810466,0.4124656702793724,-0.7293613739526874,1.510873354804079,0.021353851627620657,0.46749187443736745,1.028131479827642,-0.7120586907994638,-0.03454455666635999,-0.49362685885755236,-0.7293613739526865,0.6698611934191467,-0.03893245978050559
David Garret - Thunderstruck,-1.1041897935153469,-1.104189793515346,0.2673836465168277,-0.18463089556397416,-0.1544279011615185,-0.0070996372593416625,0.10793085285255109,-0.8066048458344686,-0.5957081940737211,0.10793085285255274,1.0098601359755734,-0.1326602424327332,-0.7296171660042651,-0.9005102978872797,0.11247144861530434,-0.1544279011615185,-1.146263845817591,0.10793085285255191,-1.9342440129671532,-0.15863865312355171
David Garret - New Day,0.35760828664391886,0.3576082866439209,-0.3045202609632478,-0.8178997443624882,-2.3865828944936673,1.1575686919224086,-1.615296561916116,-2.031465630458812,-2.435960486019337,-1.6152965619161164,-1.0139146064959677,0.30857066555523804,0.7163189930748047,-1.65376787284092,-1.6241207653530731,-2.3865828944936673,0.3723059223906936,-1.6152965619161164,0.6849606646929404,-2.3945844020891314
David Garret - Ain't No Sunshine,-0.05301194336983846,-0.05301194336983746,0.31413419741763954,0.4531259691426893,-0.9036117174372275,1.582503568044468,-0.1418386782008472,1.291173617201133,1.9559462342304537,-0.1418386782008472,-0.7503228475834535,-0.6758097588394651,3.3749628944405754,-0.678428504051718,-0.16645168629457385,-0.9036117174372279,-0.031802769569623114,-0.141838678200848,0.878120017459531,-0.9110672726180183
David Garret - Rock Prelude,-2.276625099044453,-2.2766250990444523,-0.9300456438151119,-0.24741085154119882,-2.1989447695187634,0.4433857262600832,0.6304114533779265,-1.1998777572889787,1.0930956170801478,0.6304114533779274,0.8364325933056206,-0.5804949763240225,-0.1139694236432861,1.755193959767929,0.6114894778177624,-2.1989447695187625,-2.265330117961299,0.6304114533779274,0.9394501838250647,-2.201841528381192
David Garret - Winter Lullaby,-0.2682607480894291,-0.2682607480894282,-0.9754173432542734,-1.458598276493874,-1.6923366553748638,0.7997617308085025,-1.2968379456406038,-1.2054216558331372,-1.5764019778930722,-1.296837945640603,0.7560014669532308,-0.41097324059432394,1.4947039894760117,-0.023285607203554055,-1.316007855119945,-1.6923366553748638,-0.2794118601295984,-1.296837945640603,0.6475611436417131,-1.6932948975196405
David Garret - Zorba's Dance,0.21477045372536793,0.21477045372536796,1.8280397680558629,1.859894924001852,-2.3876254657739757,2.134008671947467,-0.8354813902787992,-0.7598266811156779,-1.211308123774918,-0.8354813902787984,1.8426295380476265,0.1555177944210407,1.5956197736883997,-0.3011293043288205,-0.8282818568495395,-2.3876254657739766,0.22732298020850364,-0.8354813902787975,0.8592160854664765,-2.3844805135011025
Rage Against the Machine - Bombtrack,0.38351961144784175,0.38351961144784386,-1.060869279962127,-0.986519541156155,0.36935793362689007,-0.04402887934442525,0.321021028442948,0.863429429722441,0.8697090104261982,0.321021028442948,-0.37040686956784863,-0.35753666229883246,0.3532368363998175,2.3235625371165165,0.29953777561215045,0.36935793362689007,0.42789118727409986,0.32102102844294883,1.3952215343033576,0.36145776762397
Rage Against the Machine - Killing In The Name,0.4417189824115072,0.44171898241150725,-1.0358368730297807,0.1261594690678705,0.6531572006478548,0.6557373636719153,-0.09432924096022506,1.2624535026706076,0.430408735388081,-0.09432924096022259,-0.09905754419165373,7.625188256891956,2.386562928644996,0.4263378665701292,-0.07951800445014864,0.6531572006478548,0.433090838735665,-0.09432924096022341,1.0560545650554038,0.669044027211653
Rage Against the Machine - Take The Power Back,-0.5195753892372971,-0.5195753892372951,-0.8227170327804258,0.32589455473013257,0.2196377802400668,-0.06430288100478564,1.2310805623911127,0.030490538328036047,0.2539066180567491,1.2310805623911127,-0.7607053567179671,-0.5202440473581168,-0.08978982279138101,-0.39593242752574154,1.2030373498894686,0.2196377802400668,-0.531596790754901,1.231080562391112,0.9859525925318974,0.20594498585615625
Rage Against the Machine - Settle For Nothing,0.5194620249708244,0.5194620249708254,2.023171320418594,0.0030668981496736283,-0.7790911542379496,-0.14588515103740402,-0.8704111762168598,0.6444061714043648,0.9248224098176133,-0.8704111762168607,-0.18869646682935243,-0.40636663274432855,0.7702322970923065,0.7994757231717483,-0.8479245066827741,-0.7790911542379496,0.40867779627003903,-0.8704111762168598,1.2449864298808846,-0.7986702223249819
Rage Against the Machine - Bullet In The Head,-1.0780481377637023,-1.078048137763701,0.055697725302052574,1.6897757081457525,0.944370582389685,-0.7209673323399578,0.9758282254320914,-0.440294360025986,0.03745876412079511,0.975828225432093,0.6556795405453514,-0.36896969420222175,-0.7717021614696813,-0.9311467645472382,0.9857093770835541,0.9443705823896847,-1.066338928044586,0.9758282254320922,-0.7673603650222737,0.9432028406135231
Rage Against the Machine - Know Your Enemy,-1.4554190979776198,-1.4554190979776194,0.22101528690123717,0.8305583759008077,-0.12856620409453615,-0.2655934127083603,1.207707792047373,0.3907992685043272,0.4861017312643098,1.2077077920473724,0.4828663339896882,-0.03175784587467303,0.09692277233853079,-0.5975700394082333,1.1790698272820381,-0.12856620409453615,-1.4661433213708774,1.2077077920473724,-0.05618563571639129,-0.1123299933092572
Rage Against the Machine - Wake Up,0.3848435609898643,0.38484356098986433,-0.536285260360875,-0.6058103660052829,1.2470374249265597,0.8017289766791964,1.0965362017408007,0.23594247147243935,1.1031582453608122,1.0965362017408007,-0.5659369748400814,0.15707766266151232,-0.9309133405358417,1.9153728078680206,1.1131248651832775,1.2470374249265597,0.4099272538019104,1.0965362017408007,0.05316064845678667,1.24971400663716
Rage Against the Machine - Fistful Of Steel,0.4403678284268417,0.44036782842684175,-0.888698950263897,0.3187554985252248,0.6454836783809416,-0.6071901537527017,0.8988964499833235,1.2696390428308217,0.7715900267387656,0.8988964499833252,0.6055594758816085,-0.20811472533746195,-1.130936229733771,0.4552085715503996,0.9310938367477432,0.6454836783809418,0.4268307079004997,0.8988964499833244,0.04154257778757171,0.6422488133133021
Rage Against the Machine - Township Rebellion,0.8028126177765976,0.8028126177765976,0.059597986013383265,-0.18354917948445928,0.9181135976334862,1.1984532033513964,-0.23253291251833266,0.3903113626421216,-0.22115392051813007,-0.2325329125183335,0.18798194842379595,-0.1515367060349487,-1.4468403130045435,0.9291690115197072,-0.2175150976948057,0.918113597633486,0.7804235199415257,-0.23253291251833266,-0.6009901758246181,0.915076202972661
Rage Against the Machine - Freedom,0.152285476230473,0.15228547623047403,-1.063003655523935,1.3045395145246397,0.7809784160520897,-0.49678056537482795,0.4927622228664543,0.49934330103216296,0.5357065465148912,0.4927622228664543,0.6063433169014233,-0.22086479272296297,-0.6178188651015064,-0.5881863903587662,0.4718222607928674,0.7809784160520897,0.1766419737431496,0.492762222866456,-0.34043555799397746,0.7921049106573255
